run,residue,name,mode1xmin,mode1xmax,mode1ymin,mode1ymax,mode2xmin,mode2xmax,mode2ymin,mode2ymax,mode3xmin,mode3xmax,mode3ymin,mode3ymax,mode4xmin,mode4xmax,mode4ymin,mode4ymax
1,I145,E140_L141insA,125,275,120,180,275,450,120,180,,,,,,,,
1,I145,E140_L141insD,280,450,135,180,200,275,90,130,,,,,,,,
1,I145,E140_L141insN,275,450,150,180,275,350,110,150,150,225,120,160,,,,
1,I145,E140_L141insP,300,550,100,180,,,,,,,,,,,,
1,I145,E140_L141insR,275,475,150,180,400,475,80,150,,,,,,,,
1,I145,E140_L141insT,275,475,150,180,125,275,145,180,,,,,,,,
1,I145,E140_L141insW,250,475,135,180,,,,,,,,,,,,
1,I145,L141_N142insA,275,475,120,180,150,250,120,180,,,,,,,,
1,I145,L141_N142insD,330,475,150,180,270,330,150,180,,,,,,,,
1,I145,L141_N142insN,375,450,115,180,,,,,,,,,,,,
1,I145,L141_N142insP,140,230,80,155,100,250,155,180,100,140,100,150,,,,
1,I145,L141_N142insR,290,450,150,180,140,190,120,170,100,140,120,150,,,,
1,I145,L141_N142insT,290,460,130,180,100,280,120,180,,,,,,,,
1,I145,L141_N142insW,320,425,150,180,225,320,120,180,,,,,,,,
1,I145,N142_S143insA,280,450,156,180,300,450,133,156,275,370,90,133,,,,
1,I145,N142_S143insD,300,470,150,180,,,,,,,,,,,,
1,I145,N142_S143insN,270,420,145,180,155,270,150,180,150,200,130,155,,,,
1,I145,N142_S143insP,100,200,80,135,225,300,120,150,300,360,150,170,,,,
1,I145,N142_S143insR,250,500,140,180,,,,,,,,,,,,
1,I145,N142_S143insT,290,475,135,180,225,290,110,150,,,,,,,,
1,I145,N142_S143insW,300,360,85,140,300,500,140,180,,,,,,,,
1,I145,R139_E140insA,250,475,140,180,125,225,60,120,,,,,,,,
1,I145,R139_E140insD,305,460,145,180,,,,,,,,,,,,
1,I145,R139_E140insN,300,450,130,180,100,225,100,160,,,,,,,,
1,I145,R139_E140insP,290,410,80,180,225,90,100,160,,,,,,,,
1,I145,R139_E140insR,275,475,130,180,,,,,,,,,,,,
1,I145,R139_E140insT,275,475,145,180,125,275,130,180,,,,,,,,
1,I145,R139_E140insW,275,510,120,180,,,,,,,,,,,,
1,I145,S143_L144insA,275,440,130,180,435,525,135,160,200,275,100,140,,,,
1,I145,S143_L144insD,300,370,90,140,370,425,80,145,225,290,100,160,,,,
1,I145,S143_L144insN,300,425,100,180,,,,,,,,,,,,
1,I145,S143_L144insP,250,475,110,180,,,,,,,,,,,,
1,I145,S143_L144insR,320,450,155,180,250,320,130,180,320,425,135,155,310,370,90,135
1,I145,S143_L144insT,200,335,135,180,335,410,155,180,340,390,135,155,70,170,125,180
1,I145,S143_L144insW,250,415,140,180,415,500,120,160,350,425,80,140,,,,
1,L144,E140_L141insA,210,340,130,180,75,210,140,180,,,,,,,,
1,L144,E140_L141insD,200,400,130,180,200,300,80,120,,,,,,,,
1,L144,E140_L141insN,190,350,130,180,100,250,110,170,250,350,100,145,,,,
1,L144,E140_L141insP,250,500,130,180,,,,,,,,,,,,
1,L144,E140_L141insR,150,350,130,180,0,150,100,180,,,,,,,,
1,L144,E140_L141insT,150,400,120,180,,,,,,,,,,,,
1,L144,E140_L141insW,150,400,120,180,,,,,,,,,,,,
1,L144,L141_N142insA,175,350,135,180,,,,,,,,,,,,
1,L144,L141_N142insD,100,400,120,180,,,,,,,,,,,,
1,L144,L141_N142insN,0,120,100,160,,,,,,,,,,,,
1,L144,L141_N142insP,180,280,140,180,90,180,80,180,0,100,110,130,,,,
1,L144,L141_N142insR,190,320,145,180,,,,,,,,,,,,
1,L144,L141_N142insT,190,350,140,180,,,,,,,,,,,,
1,L144,L141_N142insW,225,290,150,180,225,290,130,150,170,225,145,165,,,,
1,L144,N142_S143insA,200,350,145,180,250,320,110,145,,,,,,,,
1,L144,N142_S143insD,200,350,145,180,,,,,,,,,,,,
1,L144,N142_S143insN,160,400,130,180,,,,,,,,,,,,
1,L144,N142_S143insP,50,160,100,160,240,300,130,170,190,240,120,170,,,,
1,L144,N142_S143insR,200,400,130,180,,,,,,,,,,,,
1,L144,N142_S143insT,190,320,140,180,325,420,120,170,,,,,,,,
1,L144,N142_S143insW,275,325,40,90,160,350,130,180,,,,,,,,
1,L144,R139_E140insA,175,350,130,180,125,250,60,140,,,,,,,,
1,L144,R139_E140insD,280,380,130,180,,,,,,,,,,,,
1,L144,R139_E140insN,200,375,140,180,,,,,,,,,,,,
1,L144,R139_E140insP,240,360,130,180,240,260,100,130,,,,,,,,
1,L144,R139_E140insR,160,390,135,180,,,,,,,,,,,,
1,L144,R139_E140insT,170,350,140,180,,,,,,,,,,,,
1,L144,R139_E140insW,150,360,130,180,,,,,,,,,,,,
1,L144,S143_L144insA,175,340,130,180,25,140,140,170,,,,,,,,
1,L144,S143_L144insD,240,320,110,170,,,,,,,,,,,,
1,L144,S143_L144insN,280,350,135,170,210,280,140,180,,,,,,,,
1,L144,S143_L144insP,200,400,130,180,,,,,,,,,,,,
1,L144,S143_L144insR,175,350,145,180,280,350,115,145,,,,,,,,
1,L144,S143_L144insT,225,280,145,170,150,225,140,165,25,140,130,170,,,,
1,L144,S143_L144insW,175,325,120,180,25,175,130,180,,,,,,,,
2,I145,E140_L141insD,200,275,80,135,175,200,80,130,,,,,,,,
2,I145,E140_L141insN,275,475,145,180,275,325,100,145,,,,,,,,
2,I145,E140_L141insP,300,450,80,180,,,,,,,,,,,,
2,I145,E140_L141insR,125,250,110,180,275,460,140,180,,,,,,,,
2,I145,E140_L141insT,290,460,140,180,225,290,130,170,,,,,,,,
2,I145,E140_L141insW,250,310,60,130,310,375,70,140,275,450,145,180,,,,
2,I145,L141_N142insD,300,375,80,150,300,450,140,180,,,,,,,,
2,I145,L141_N142insN,250,450,140,180,,,,,,,,,,,,
2,I145,L141_N142insP,75,250,150,180,350,435,120,180,,,,,,,,
2,I145,L141_N142insR,300,450,140,180,220,300,145,180,150,220,130,180,225,325,110,145
2,I145,L141_N142insT,150,225,80,135,200,275,125,150,280,325,100,135,125,200,140,170
2,I145,L141_N142insW,275,450,140,180,,,,,,,,,,,,
2,I145,N142_S143insD,275,320,70,105,275,310,50,75,315,350,95,120,310,350,65,75
2,I145,N142_S143insN,275,450,140,180,,,,,,,,,,,,
2,I145,N142_S143insP,225,400,135,180,75,150,100,170,250,350,100,135,,,,
2,I145,N142_S143insR,280,425,130,180,225,280,120,180,,,,,,,,
2,I145,N142_S143insT,290,450,130,180,200,290,130,180,,,,,,,,
2,I145,N142_S143insW,275,450,155,180,275,450,132,155,275,450,100,132,,,,
2,I145,R139_E140insD,100,150,60,140,75,200,140,170,280,440,140,180,250,375,40,90
2,I145,R139_E140insN,250,460,153,180,300,400,120,153,,,,,,,,
2,I145,R139_E140insP,280,400,110,170,300,375,90,110,,,,,,,,
2,I145,R139_E140insR,300,450,140,180,,,,,,,,,,,,
2,I145,R139_E140insT,310,460,130,180,210,265,100,130,190,240,130,155,250,300,135,155
2,I145,R139_E140insW,125,200,115,160,275,425,130,180,75,125,110,160,,,,
2,I145,S143_L144insD,300,450,120,152,300,450,152,180,,,,,,,,
2,I145,S143_L144insN,275,425,155,180,300,410,135,155,290,360,80,135,,,,
2,I145,S143_L144insP,340,400,140,170,300,340,90,140,,,,,,,,
2,I145,S143_L144insR,250,450,150,180,300,400,120,150,,,,,,,,
2,I145,S143_L144insT,160,260,120,170,300,450,120,180,,,,,,,,
2,I145,S143_L144insW,350,425,120,160,300,350,100,130,,,,,,,,
2,L144,E140_L141insD,200,255,80,120,150,200,70,110,150,300,120,170,,,,
2,L144,E140_L141insN,200,350,145,180,250,310,100,145,210,250,60,120,,,,
2,L144,E140_L141insP,300,430,150,180,300,440,110,150,440,510,140,165,,,,
2,L144,E140_L141insR,210,310,140,180,130,210,140,180,,,,,,,,
2,L144,E140_L141insT,200,310,140,180,,,,,,,,,,,,
2,L144,E140_L141insW,200,350,145,180,225,325,50,100,260,330,100,140,,,,
2,L144,L141_N142insD,200,325,152,180,250,340,110,152,325,410,90,150,,,,
2,L144,L141_N142insN,190,325,130,180,,,,,,,,,,,,
2,L144,L141_N142insP,170,250,120,180,,,,,,,,,,,,
2,L144,L141_N142insR,200,350,130,180,,,,,,,,,,,,
2,L144,L141_N142insT,160,230,100,150,250,300,100,130,,,,,,,,
2,L144,L141_N142insW,200,325,145,180,,,,,,,,,,,,
2,L144,N142_S143insD,275,325,40,90,225,275,50,100,,,,,,,,
2,L144,N142_S143insN,190,325,140,180,,,,,,,,,,,,
2,L144,N142_S143insP,200,340,125,170,,,,,,,,,,,,
2,L144,N142_S143insR,200,350,140,180,,,,,,,,,,,,
2,L144,N142_S143insT,220,320,150,180,170,220,130,170,,,,,,,,
2,L144,N142_S143insW,200,285,140,180,285,350,140,170,250,300,110,150,,,,
2,L144,R139_E140insD,225,325,140,180,100,160,90,150,250,350,30,80,,,,
2,L144,R139_E140insN,200,325,140,180,,,,,,,,,,,,
2,L144,R139_E140insP,250,350,100,165,250,350,50,100,225,250,100,150,,,,
2,L144,R139_E140insR,200,350,140,180,200,350,100,140,,,,,,,,
2,L144,R139_E140insT,225,300,152,180,175,250,110,152,200,250,80,115,300,360,100,150
2,L144,R139_E140insW,50,175,100,170,200,350,130,180,,,,,,,,
2,L144,S143_L144insD,225,290,150,170,290,350,140,170,,,,,,,,
2,L144,S143_L144insN,225,290,147,180,250,310,120,147,300,350,145,160,,,,
2,L144,S143_L144insP,250,375,100,145,250,375,145,170,,,,,,,,
2,L144,S143_L144insR,150,375,140,180,,,,,,,,,,,,
2,L144,S143_L144insT,100,400,130,180,,,,,,,,,,,,
2,L144,S143_L144insW,300,375,80,180,250,300,90,145,210,285,145,180,,,,
3,I145,E140_L141insA,275,475,145,180,275,475,110,145,,,,,,,,
3,I145,E140_L141insD,250,475,152,180,250,475,130,152,300,350,90,130,350,400,90,130
3,I145,E140_L141insN,250,475,130,180,,,,,,,,,,,,
3,I145,E140_L141insP,300,450,100,170,100,250,120,180,,,,,,,,
3,I145,E140_L141insR,250,475,155,180,250,475,130,155,,,,,,,,
3,I145,E140_L141insT,250,400,80,145,90,250,120,180,265,450,145,180,,,,
3,I145,E140_L141insW,250,475,120,180,,,,,,,,,,,,
3,I145,L141_N142insA,300,450,150,180,225,300,80,160,,,,,,,,
3,I145,L141_N142insD,275,450,120,180,470,540,120,180,,,,,,,,
3,I145,L141_N142insN,250,500,130,180,,,,,,,,,,,,
3,I145,L141_N142insP,70,275,152,180,340,440,165,100,440,500,110,152,,,,
3,I145,L141_N142insR,275,450,120,180,75,250,120,180,,,,,,,,
3,I145,L141_N142insT,250,475,120,180,,,,,,,,,,,,
3,I145,L141_N142insW,250,475,120,180,250,400,69,120,,,,,,,,
3,I145,N142_S143insA,300,410,120,155,300,450,155,180,200,290,120,180,,,,
3,I145,N142_S143insD,300,465,140,180,200,310,80,160,,,,,,,,
3,I145,N142_S143insN,250,475,120,180,,,,,,,,,,,,
3,I145,N142_S143insP,225,425,135,180,225,375,80,135,,,,,,,,
3,I145,N142_S143insR,250,500,155,180,300,410,110,155,,,,,,,,
3,I145,N142_S143insT,250,475,120,180,,,,,,,,,,,,
3,I145,N142_S143insW,225,475,155,180,340,400,120,155,,,,,,,,
3,I145,R139_E140insA,275,450,120,180,125,275,120,180,,,,,,,,
3,I145,R139_E140insD,250,500,140,180,125,300,60,160,,,,,,,,
3,I145,R139_E140insN,250,475,145,180,315,375,90,145,260,315,60,110,,,,
3,I145,R139_E140insP,250,430,80,180,,,,,,,,,,,,
3,I145,R139_E140insR,250,500,120,180,,,,,,,,,,,,
3,I145,R139_E140insT,250,500,120,180,,,,,,,,,,,,
3,I145,R139_E140insW,250,460,100,180,450,575,120,180,,,,,,,,
3,I145,S143_L144insA,200,500,110,180,340,410,120,150,,,,,,,,
3,I145,S143_L144insD,275,425,150,180,275,375,80,130,425,500,100,150,,,,
3,I145,S143_L144insN,200,500,120,180,,,,,,,,,,,,
3,I145,S143_L144insP,250,450,100,180,,,,,,,,,,,,
3,I145,S143_L144insR,150,290,80,180,290,450,140,180,,,,,,,,
3,I145,S143_L144insT,200,500,140,180,,,,,,,,,,,,
3,I145,S143_L144insW,250,350,80,150,350,414,140,170,250,310,90,110,,,,
3,L144,E140_L141insA,175,425,120,180,,,,,,,,,,,,
3,L144,E140_L141insD,175,425,130,180,,,,,,,,,,,,
3,L144,E140_L141insN,175,350,130,180,,,,,,,,,,,,
3,L144,E140_L141insP,250,500,100,180,,,,,,,,,,,,
3,L144,E140_L141insR,200,290,140,180,290,375,120,155,,,,,,,,
3,L144,E140_L141insT,200,300,140,180,340,400,100,145,300,340,100,145,300,410,145,170
3,L144,E140_L141insW,175,350,130,180,,,,,,,,,,,,
3,L144,L141_N142insA,175,350,145,180,190,230,100,140,230,300,80,125,,,,
3,L144,L141_N142insD,175,375,120,180,,,,,,,,,,,,
3,L144,L141_N142insN,175,350,130,180,,,,,,,,,,,,
3,L144,L141_N142insP,150,275,120,180,110,160,90,145,,,,,,,,
3,L144,L141_N142insR,180,350,120,180,75,175,130,180,,,,,,,,
3,L144,L141_N142insT,175,350,120,180,,,,,,,,,,,,
3,L144,L141_N142insW,175,375,125,180,225,350,60,125,,,,,,,,
3,L144,N142_S143insA,225,290,130,180,290,260,130,180,175,225,110,180,,,,
3,L144,N142_S143insD,175,400,146,180,215,250,100,140,250,300,120,140,,,,
3,L144,N142_S143insN,175,350,130,180,,,,,,,,,,,,
3,L144,N142_S143insP,200,350,125,180,225,325,80,125,,,,,,,,
3,L144,N142_S143insR,200,300,140,180,305,350,130,160,,,,,,,,
3,L144,N142_S143insT,175,350,130,180,,,,,,,,,,,,
3,L144,N142_S143insW,175,300,120,180,300,360,120,170,,,,,,,,
3,L144,R139_E140insA,175,375,120,180,,,,,,,,,,,,
3,L144,R139_E140insD,200,350,140,180,125,200,70,180,200,300,60,125,,,,
3,L144,R139_E140insN,200,350,140,180,250,375,80,140,225,325,40,75,,,,
3,L144,R139_E140insP,225,400,135,170,225,400,80,135,,,,,,,,
3,L144,R139_E140insR,200,375,100,180,,,,,,,,,,,,
3,L144,R139_E140insT,175,400,130,180,,,,,,,,,,,,
3,L144,R139_E140insW,175,350,120,180,,,,,,,,,,,,
3,L144,S143_L144insA,150,400,120,180,,,,,,,,,,,,
3,L144,S143_L144insD,240,385,140,180,250,350,100,140,50,200,100,60,,,,
3,L144,S143_L144insN,160,350,120,180,,,,,,,,,,,,
3,L144,S143_L144insP,200,400,110,180,,,,,,,,,,,,
3,L144,S143_L144insR,150,275,80,145,175,350,145,180,,,,,,,,
3,L144,S143_L144insT,150,375,120,180,,,,,,,,,,,,
3,L144,S143_L144insW,225,375,100,180,250,325,60,100,,,,,,,,